id;parkid;service;create_time;body
1;mobile Fish;Home Loan Account Table Computer;2019-06-29T11:05:02;FTP Savings Account
2;deposit Tasty Metal Bacon Implementation;Chips;2019-06-29T08:04:35;methodology Albania
3;Home Namibia;Steel zero administration;2019-06-29T03:41:07;Common
4;Savings Account syndicate Planner;Refined Rubber Chicken Table;2019-06-29T10:55:00;Factors
5;South Dakota envisioneer Music;Nakfa;2019-06-29T01:54:52;Rubber Buckinghamshire Games
6;incentivize Tuna copy;Costa Rica Mayotte;2019-06-29T08:02:29;Facilitator
7;Views e-enable Communications;National Awesome sky blue;2019-06-29T11:23:33;software scale interactive
8;Louisiana Specialist Home Loan Account;Plastic;2019-06-28T17:13:32;Small
9;deliverables reinvent 24 hour;overriding;2019-06-28T19:30:49;application quantify Unbranded Plastic Tuna
10;Internal;Investment Account archive Fantastic Plastic Chicken;2019-06-29T04:40:25;pixel withdrawal
